USE php_test;
SET collation_connection = utf8mb4_unicode_ci;
SET NAMES utf8;

INSERT INTO `companies` (`id`,`name`) VALUES
(1,'A@A');

INSERT INTO `agencies` (`id`,`name`) VALUES
(1,'ООО "Рога и копыта"'),
(2,'ООО "Наследие"');

INSERT INTO `countries` (`id`,`name`) VALUES
(1,'Россия'),
(2,'Беларусь'),
(3,'Казахстан');

INSERT INTO `cities` (`id`,`name`,`country_id`) VALUES
(1,'Москва',1),
(2,'Санкт Петербург',1),
(3,'Минск',2),
(4,'Астана',3);

INSERT INTO `hotels` (`id`,`name`, `city_id`, `stars`) VALUES
(1,'Балчуг Кемпински Москва', 1, 5),
(2,'Измайлово Альфа', 1, 4),
(3,'Золотое кольцо', 1, 5),
(4,'Плаза Гарден Москва Центр Международной Торговли', 1, 5),
(5,'Измайлово Гамма', 1, 3),
(6,'Нептун', 2, 4),
(7,'Ладога-отель', 2, 3),
(8,'Питер Академия', 2, 3),
(9,'Марко Поло', 2, 4),
(10,'Герцен-Хаус', 2, 1),
(11,'Astana Hotel', 4, 3);

INSERT INTO `hotel_agreements` (`id`,`hotel_id`,`discount_percent`,`comission_percent`,`is_default`,`vat_percent`,`vat1_percent`,`vat1_value`,`company_id`,`date_from`,`date_to`,`is_cash_payment`) VALUES
(1,1,10,0,1,20,1,0,1,'2023-01-01','2024-01-01',0),
(2,2,12,0,1,20,1,0,1,'2023-01-01','2024-01-01',0),
(3,3,0,15,1,20,1,0,1,'2023-01-01','2024-01-01',1),
(4,4,12,0,1,20,1,0,1,'2023-01-01','2024-01-01',1),
(5,5,0,10,1,20,1,0,1,'2023-01-01','2024-01-01',1),
(6,6,5,0,1,20,1,0,1,'2023-01-01','2024-01-01',0),
(7,7,0,12,1,20,1,0,1,'2023-01-01','2024-01-01',1),
(8,8,10,0,1,20,1,0,1,'2023-01-01','2024-01-01',1),
(9,9,0,12,1,20,1,0,1,'2023-01-01','2024-01-01',1),
(10,10,14,0,1,20,1,0,1,'2023-01-01','2024-01-01',0),
(11,1,20,0,0,20,1,0,1,'2023-01-01','2024-01-01',0),
(12,3,0,0,1,20,0,0,1,'2023-01-01','2024-01-01',1),
(13,5,0,0,0,20,0,0,1,'2023-01-01','2024-01-01',1),
(14,5,0,5,0,20,0,0,1,'2023-01-01','2024-01-01',1),
(15,5,15,5,0,20,0,0,1,'2023-01-01','2024-01-01',1),
(16,11,0,0,1,20,0,0,1,'2023-01-01','2024-01-01',1),
(17,11,10,5,0,20,0,0,1,'2023-01-01','2024-01-01',1);

INSERT INTO `agency_hotel_options` (`id`,`hotel_id`,`agency_id`,`percent`,`is_black`,`is_recomend`,`is_white`) VALUES
(1,1,1,10,0,0,0),
(2,2,1,5,0,0,0),
(3,3,1,8,1,0,0),
(4,4,1,12,0,0,0),
(5,5,1,8,1,0,0),
(6,6,1,15,0,0,0),
(7,7,1,8,0,0,0),
(8,8,1,11,1,0,0),
(9,9,1,12,0,0,0),
(10,10,1,6,0,0,0),
(11,1,2,8,0,0,0),
(12,2,2,12,1,0,0),
(13,3,2,6,0,0,0),
(14,4,2,10,0,0,0),
(15,5,2,9,0,0,0),
(16,6,2,11,1,0,0),
(17,7,2,4,0,0,0),
(18,8,2,12,0,0,0),
(19,9,2,10,1,0,0),
(20,10,2,14,1,0,0),
(21,5,1,8,0,1,1),
(22,5,1,8,0,1,0),
(23,11,1,5,0,0,0),
(24,11,2,8,0,1,0);

INSERT INTO `agency_rules` (id, agency_id, name, manager_message, is_active) VALUES
(1, 1, 'Первый отель по всем пунктам', '1. Подходит по всем', 1),
(2, 1, 'Первый отель Скидка, должен вывести 1 раз', '2. Подходит по скидке', 1),
(3, 1, 'Первый отель Скидка больше (второе предложение)', '3. Подходит по скидке2', 1),
(4, 1, 'Первый отель Не должен пройти', '4. Не прошел', 1),
(5, 1, 'Третий отель комиссия 15', '5. 3 отель комиссия 15', 1),
(6, 1, 'Третий отель комиссия 0', '6. 3 отель комиссия 0', 1),
(7, 2, 'Третий отель для другого агенства', '7. Подходит по всем', 1),
(8, 1, '11 отель в Казахстане', '8. Отель Казахстана', 1),
(9, 2, '11 отель в Москве', '9. НЕТ этот отель в Кахазстане', 1),
(10, 1, '11 отель рекомендован', '10. Нет, он не рекомендав этим турагенством', 1),
(11, 2, '11 отель рекомендован', '11. Да, он рекомендав этим турагенством', 1),
(12, 2, '11 отель скидка/комиссия больше 0', '12. Да, комиссия и скидка есть', 1);

INSERT INTO `agency_rules_options` (id, rule_id, condition_type, comparison_operator, `value`) VALUES
(1, 1, 1, 1, '1'), -- Russia
(2, 1, 2, 1, '1'), -- Moscow
(3, 1, 3, 1, '5'), -- Stars
(4, 1, 4, 1, '0'), -- Discount Comission
(5, 1, 7, 1, '1'), -- Default
(6, 1, 8, 1, '1'), -- Company
(7, 1, 9, 1, '0'), -- Black
(8, 1, 10, 1, '0'), -- Recomended
(9, 1, 11, 1, '0'), -- White

(10, 2, 4, 2, '1'), -- Discount/Comission > 0

(11, 3, 4, 2, '10'), -- Discount/Comission > 10

(12, 4, 1, 1, '3'), -- Kazakhstan

(13, 5, 4, 1, '15'), -- Discount/Comission = 15

(14, 6, 4, 1, '0'), -- Discount/Comission = 0

(15, 7, 1, 1, '1'), -- Second Agency

(16, 8, 1, 1, '3'), -- Kazakhstan

(17, 9, 2, 1, '1'), -- Moscow but not

(18, 10, 10, 1, '1'), -- Recomended

(19, 11, 10, 1, '1'), -- Recomended

(20, 12, 4, 2, '0'); -- Discount/Comission > 0
